short id,full name,state,party,full name,party,state,distinct,canonical URL,url1,url2
abercrombie,"Abercrombie, Neil", Hawaii,,Neil Abercrombie,D,HI,1,http://house.gov/abercrombie/,gov.house.www/abercrombie,
ackerman,"Ackerman, Gary", New York,,Gary Ackerman,D,NY,5,http://house.gov/ackerman/,gov.house.www/ackerman,
aderholt,"Aderholt, Robert B.", Alabama,,Robert Aderholt,R,AL,4,http://house.gov/aderholt/,,
akin,"Akin, Todd", Missouri,,Todd Akin,R,MO,2,http://house.gov/akin/,gov.house.www/akin,
alexander,"Alexander, Rodney", Louisiana,,Rodney Alexander,R,LA,5,http://www.house.gov/alexander/,,
tomallen,"Allen, Tom", Maine,,Tom Allen,D,ME,1,http://tomallen.house.gov/,,
andrews,"Andrews, Robert E.", New Jersey,,Rob Andrews,D,NJ,1,http://house.gov/andrews/,gov.house.www/andrews,
baca,"Baca, Joe", California,,Joe Baca,D,CA,43,http://www.house.gov/baca/,gov.house.www/baca,
bachus,"Bachus, Spencer", Alabama,,Spencer Bachus,R,AL,6,http://house.gov/bachus/,gov.house.www/bachus,
baird,"Baird, Brian", Washington,,Brian Baird,D,WA,3,http://house.gov/baird/,gov.house.www/baird,
baker,"Baker, Richard", Louisiana,,Richard Baker,R,LA,6,http://house.gov/baker/,gov.house.baker,
tammybaldwin,"Baldwin, Tammy", Wisconsin,,Tammy Baldwin,D,WI,2,http://tammybaldwin.house.gov/,gov.house.tammybaldwin,
ballance,"Ballance, Frank W.", North Carolina,,Frank Ballance,D,NC,1,http://www.house.gov/ballance/,gov.house.www/ballance,
ballenger,"Ballenger, Cass", North Carolina,,Cass Ballenger,R,NC,10,http://ballenger.house.gov/,,
barrett,"Barrett, J. Gresham", South Carolina,,Gresham Barrett,R,SC,3,http://www.house.gov/barrett/,gov.house.www/barrett,
bartlett,"Bartlett, Roscoe G.", Maryland,,Roscoe Bartlett,R,MD,6,http://www.bartlett.house.gov/,gov.house.bartlett.www/24seven,gov.house.bartlett.www/24Seven
joebarton,"Barton, Joe", Texas,,Joe Barton,R,TX,6,http://joebarton.house.gov/,,
bass,"Bass, Charles F.", New Hampshire,,Charles Foster Bass,R,NH,2,http://house.gov/bass/,gov.house.www/bass,
beauprez,"Beauprez, Bob", Colorado,,Bob Beauprez,R,CO,7,http://www.house.gov/beauprez/,gov.house.www/beauprez,
becerra,"Becerra, Xavier", California,,Xavier Becerra,D,CA,31,http://house.gov/becerra/,gov.house.www/becerra,
bell,"Bell, Chris", Texas,,Chris Bell (politician),D,TX,25,http://bell.house.gov/,gov.house.bell,
bereuter,"Bereuter, Doug", Nebraska,,Doug Bereuter,R,NE,1,http://house.gov/bereuter/,gov.house.www/bereuter,
berkley,"Berkley, Shelley", Nevada,,Shelley Berkley,D,NV,1,http://house.gov/berkley/,gov.house.www/berkley,
berman,"Berman, Howard L.", California,,Howard Berman,D,CA,28,http://house.gov/berman/,gov.house.www/berman,
berry,"Berry, Marion", Arkansas,,Marion Berry,D,AR,1,http://house.gov/berry/,gov.house.www/berry,
judybiggert,"Biggert, Judy", Illinois,,Judy Biggert,R,IL,13,http://judybiggert.house.gov/,,
bilirakis,"Bilirakis, Mike", Florida,,Michael Bilirakis,R,FL,9,http://house.gov/bilirakis/,gov.house.www/bilirakis,
robbishop,"Bishop, Rob", Utah,,Sanford Bishop,D,GA,2,http://www.house.gov/robbishop/,,
bishop,"Bishop, Sanford D.", Georgia,,Rob Bishop,R,UT,1,http://house.gov/bishop/,gov.house.www/bishop,
timbishop,"Bishop, Timothy H.", New York,,Tim Bishop,D,NY,1,http://wwwc.house.gov/timbishop/,,
blackburn,"Blackburn, Marsha", Tennessee,,Marsha Blackburn,R,TN,7,http://www.house.gov/blackburn/,gov.house.www/blackburn,
blumenauer,"Blumenauer, Earl", Oregon,,Earl Blumenauer,D,OR,3,http://house.gov/blumenauer/,gov.house.www/blumenauer,
blunt,"Blunt, Roy", Missouri,,Roy Blunt,R,MO,7,http://house.gov/blunt/,gov.house.blunt,
boehlert,"Boehlert, Sherwood", New York,,Sherwood Boehlert,D,NY,24,http://house.gov/boehlert/,gov.house.www/boehlert,
johnboehner,"Boehner, John", Ohio,,John Boehner,R,OH,8,http://johnboehner.house.gov/,,
bonilla,"Bonilla, Henry", Texas,,Henry Bonilla,R,TX,23,http://house.gov/bonilla/,gov.house.www/bonilla,
bonner,"Bonner, Jo", Alabama,,Jo Bonner,R,AL,1,http://www.house.gov/bonner/,gov.house.www/bonner,
bono,"Bono, Mary", California,,Mary Bono,R,CA,45,http://house.gov/bono/,gov.house.www/bono,
boozman,"Boozman, John", Arkansas,,John Boozman,R,AR,3,http://house.gov/boozman/,gov.house.www/boozman,
bordallo,"Bordallo, Madeleine Z."," Guam
",,,,,,http://www.house.gov/bordallo/,gov.house.www/bordallo,
boswell,"Boswell, Leonard", Iowa,,Leonard Boswell,D,IA,3,http://house.gov/boswell/,gov.house.www/boswell,
boucher,"Boucher, Rick", Virginia,,Rick Boucher,D,VA,9,http://house.gov/boucher/,gov.house.www/boucher,
boyd,"Boyd, Allen", Florida,,Allen Boyd,D,FL,2,http://house.gov/boyd/,gov.house.www/boyd,
bradley,"Bradley, Jeb", New Hampshire,,Jeb Bradley,R,NH,1,http://www.house.gov/bradley/,gov.house.www/bradley,
brady,"Brady, Kevin", Texas,,Kevin Brady,R,TX,8,http://house.gov/brady/,gov.house.www/brady,
robertbrady,"Brady, Robert A.", Pennsylvania,,Robert Brady,D,PA,1,http://house.gov/robertbrady/,,
brown-waite,"Brown-Waite, Virginia ""Ginny""", Florida,,Ginny Brown-Waite,R,FL,5,http://www.house.gov/brown-waite/,gov.house.www/brown-waite,
corrinebrown,"Brown, Corrine", Florida,,Corrine Brown,D,FL,3,http://house.gov/corrinebrown/,gov.house.www/corrinebrown,
henrybrown,"Brown, Henry", South Carolina,,Henry Brown,R,SC,1,http://house.gov/henrybrown/,gov.house.www/henrybrown,
sherrodbrown,"Brown, Sherrod", Ohio,,Sherrod Brown,D,OH,13,http://house.gov/sherrodbrown/,gov.house.www/sherrodbrown,
burgess,"Burgess, Michael C.", Texas,,Michael Burgess,R,TX,26,http://burgess.house.gov/,gov.house.burgess,
burns,"Burns, Max",Georgia,R,http://www.house.gov/burns/,gov.senate.www/~burns,gov.senate.burns,
burr,"Burr, Richard", North Carolina,,Richard Burr,R,NC,5,http://house.gov/burr/,gov.house.www/burr,
burton,"Burton, Dan", Indiana,,Dan Burton,R,IN,5,http://www.house.gov/burton/,gov.house.www/burton,
buyer,"Buyer, Steve", Indiana,,Steve Buyer,R,IN,4,http://house.gov/buyer/,gov.house.www/buyer,
calvert,"Calvert, Ken", California,,Ken Calvert,R,CA,44,http://house.gov/calvert/,gov.house.www/calvert,
camp,"Camp, Dave", Michigan,,Dave Camp,R,MI,4,http://wwwc.house.gov/camp/,gov.house.wwwc/camp,gov.house.wwwb/camp
cannon,"Cannon, Chris", Utah,,Chris Cannon,R,UT,3,http://house.gov/cannon/,gov.house.www/cannon,gov.house.chriscannon
cantor,"Cantor, Eric", Virginia,,Eric Cantor,R,VA,7,http://cantor.house.gov/,gov.house.www/cantor,gov.house.cantor
capito,"Capito, Shelley Moore", West Virginia,,Shelley Moore Capito,R,WV,2,http://house.gov/capito/,gov.house.www/capito,
capps,"Capps, Lois", California,,Lois Capps,D,CA,23,http://house.gov/capps/,gov.house.www/capps,
capuano,"Capuano, Michael E.", Massachusetts,,Mike Capuano,D,MA,8,http://house.gov/capuano/,gov.house.www/capuano,
cardin,"Cardin, Ben", Maryland,,Ben Cardin,D,MD,3,http://house.gov/cardin/,gov.house.www/cardin,
cardoza,"Cardoza, Dennis A.", California,,Dennis Cardoza,D,CA,18,http://www.house.gov/cardoza/,gov.house.www/cardoza,
bradcarson,"Carson, Brad", Oklahoma,,Brad Carson,D,OK,2,http://house.gov/bradcarson/,gov.house.www/bradcarson,
juliacarson,"Carson, Julia", Indiana,,Julia Carson,D,IN,7,http://www.juliacarson.house.gov/,gov.house.juliacarson.www/images,gov.house.juliacarson
carter,"Carter, John R.", Texas,,John Carter,R,TX,31,http://www.house.gov/carter/,gov.house.www/carter,
case,"Case, Ed", Hawaii,,Ed Case,D,HI,2,http://wwwc.house.gov/case/,gov.house.wwwc/case,
castle,"Castle, Michael N.", Delaware,,Michael N. Castle,R,"DE
",,http://house.gov/castle/,gov.house.www/castle,
chabot,"Chabot, Steve", Ohio,,Steve Chabot,R,OH,1,http://house.gov/chabot/,,
chocola,"Chocola, Chris", Indiana,,Chris Chocola,R,IN,2,http://www.house.gov/chocola/,gov.house.www/chocola,
christian-christensen,"Christian-Christensen, Donna"," U.S. Virgin Islands
",,,,,,http://house.gov/christian-christensen/,gov.house.www/christian-christensen,
clay,"Clay, Wm. Lacy", Missouri,,William Lacy Clay,D,MO,1,http://house.gov/clay/,gov.house.www/clay,
clyburn,"Clyburn, James E.", South Carolina,,James Clyburn,D,SC,6,http://house.gov/clyburn/,gov.house.www/clyburn,
coble,"Coble, Howard", North Carolina,,Howard Coble,R,NC,6,http://house.gov/coble/,gov.house.www/coble,
cole,"Cole, Tom", Oklahoma,,Tom Cole,R,OK,4,http://www.house.gov/cole/,gov.house.www/cole,
maccollins,"Collins, Mac", Georgia,,Mac Collins,R,GA,8,http://www.house.gov/maccollins/,,
conyers,"Conyers, John", Michigan,,John Conyers,D,MI,14,http://house.gov/conyers/,gov.house.www/conyers,
costello,"Costello, Jerry F.", Illinois,,Jerry Costello,D,IL,12,http://house.gov/costello/,gov.house.www/costello,
cox,"Cox, Christopher", California,,Christopher Cox,R,CA,48,http://cox.house.gov/,gov.house.cox,
cramer,"Cramer, Bud", Alabama,,Bud Cramer,D,AL,5,http://house.gov/cramer/,gov.house.cramer,
crane,"Crane, Phil", Illinois,,Phil Crane,R,IL,8,http://house.gov/crane/,gov.house.www/crane,
crenshaw,"Crenshaw, Ander", Florida,,Ander Crenshaw,R,FL,4,http://crenshaw.house.gov/,,
crowley,"Crowley, Joseph", New York,,Joe Crowley,D,NY,7,http://crowley.house.gov/,gov.house.www/crowley,
cubin,"Cubin, Barbara", Wyoming,,Barbara Cubin,R,"WY
",,http://house.gov/cubin/,gov.house.www/cubin,
culberson,"Culberson, John", Texas,,John Culberson,R,TX,7,http://www.culberson.house.gov/,gov.house.www/culberson,gov.house.culberson
cummings,"Cummings, Elijah E.", Maryland,,Elijah Cummings,D,MD,7,http://house.gov/cummings/,gov.house.www/cummings,
cunningham,"Cunningham, Randy ""Duke""", California,,Duke Cunningham,R,CA,50,http://www.house.gov/cunningham/,gov.house.www/cunningham,
arturdavis,"Davis, Artur", Alabama,,Artur Davis,D,AL,7,http://www.house.gov/arturdavis/,,
davis,"Davis, Danny K.", Illinois,,Danny Davis,D,IL,7,http://house.gov/davis/,gov.house.www/davis,
jimdavis,"Davis, Jim", Florida,,Jim Davis,D,FL,11,http://house.gov/jimdavis/,,
joanndavis,"Davis, Jo Ann", Virginia,,Jo Ann Davis,R,VA,1,http://house.gov/joanndavis/,,
lincolndavis,"Davis, Lincoln", Tennessee,,Lincoln Davis,D,TN,4,http://www.house.gov/lincolndavis/,,
susandavis,"Davis, Susan A.", California,,Susan Davis,D,CA,53,http://house.gov/susandavis/,,
tomdavis,"Davis, Tom", Virginia,,Thomas M. Davis,R,VA,11,http://house.gov/tomdavis/,,
deal,"Deal, Nathan", Georgia,,Nathan Deal,R,GA,10,http://www.house.gov/deal/,gov.house.www/deal,
defazio,"DeFazio, Peter", Oregon,,Peter DeFazio,D,OR,4,http://house.gov/defazio/index.htm,gov.house.www/defazio,gov.house.defazio
degette,"DeGette, Diana", Colorado,,Diana DeGette,D,CO,1,http://house.gov/degette/,gov.house.www/degette,
delahunt,"Delahunt, Bill", Massachusetts,,Bill Delahunt,D,MA,10,http://house.gov/delahunt/,gov.house.www/delahunt,
delauro,"DeLauro, Rosa L.", Connecticut,,Rosa DeLauro,D,CT,3,http://www.house.gov/delauro/,gov.house.www/delauro,
tomdelay,"DeLay, Tom", Texas,,Tom DeLay,R,TX,22,http://tomdelay.house.gov/,gov.house.tomdelay,
demint,"DeMint, Jim", South Carolina,,Jim DeMint,R,SC,4,http://demint.house.gov/,gov.house.demint,
deutsch,"Deutsch, Peter", Florida,,Peter Deutsch,D,FL,20,http://house.gov/deutsch/,gov.house.www/deutsch,
diaz-balart,"Diaz-Balart, Lincoln", Florida,,Lincoln Diaz-Balart,R,FL,21,http://house.gov/diaz-balart/,gov.house.www/diaz-balart,
mariodiaz-balart,"Diaz-Balart, Mario", Florida,,Mario Diaz-Balart,R,FL,25,http://www.house.gov/mariodiaz-balart/,,
dicks,"Dicks, Norm", Washington,,Norm Dicks,D,WA,6,http://house.gov/dicks/,gov.house.www/dicks,
dingell,"Dingell, John D.", Michigan,,John Dingell,D,MI,15,http://house.gov/dingell/,gov.house.www/dingell,
doggett,"Doggett, Lloyd", Texas,,Lloyd Doggett,D,TX,10,http://house.gov/doggett/,gov.house.www/doggett,
dooley,"Dooley, Cal", California,,Cal Dooley,D,CA,20,http://dooley.house.gov/,gov.house.dooley,
doolittle,"Doolittle, John T.", California,,John T. Doolittle,R,CA,4,http://house.gov/doolittle/,gov.house.www/doolittle,
doyle,"Doyle, Mike", Pennsylvania,,Mike Doyle,D,PA,14,http://house.gov/doyle/,gov.house.www/doyle,
dreier,"Dreier, David", California,,David Dreier,R,CA,26,http://dreier.house.gov/,gov.house.dreier,
duncan,"Duncan, John J.", Tennessee,,John Duncan,R,TN,2,http://house.gov/duncan/,gov.house.www/duncan,
dunn,"Dunn, Jennifer", Washington,,Jennifer Dunn,R,WA,8,http://house.gov/dunn/,gov.house.www/dunn,
edwardschet,"Edwards, Chet", Texas,,Chet Edwards,D,TX,11,http://house.gov/edwards/,,
ehlers,"Ehlers, Vernon J.", Michigan,,Vernon Ehlers,R,MI,3,http://house.gov/ehlers/,gov.house.www/ehlers,
emanue,"Emanuel, Rahm", Illinois,,Rahm Emanuel,D,IL,5,http://www.house.gov/emanuel,gov.house.www/emanuel,
emerson,"Emerson, Jo Ann", Missouri,,Jo Ann Emerson,R,MO,8,http://house.gov/emerson/,gov.house.www/emerson,
engel,"Engel, Eliot L.", New York,,Eliot Engel,D,NY,17,http://house.gov/engel/,gov.house.www/engel,
english,"English, Phil", Pennsylvania,,Phil English,R,PA,3,http://www.house.gov/english/,gov.house.www/english,
www-eshoo,"Eshoo, Anna", California,,Anna Eshoo,D,CA,14,http://www-eshoo.house.gov/,gov.house.www-eshoo,
etheridge,"Etheridge, Bob", North Carolina,,Bob Etheridge,D,NC,2,http://house.gov/etheridge/,gov.house.www/etheridge,
evans,"Evans, Lane", Illinois,,Lane Evans,D,IL,17,http://house.gov/evans/,gov.house.www/evans,
everett,"Everett, Terry", Alabama,,Terry Everett,R,AL,2,http://wwwc.house.gov/everett/,gov.house.wwwc/everett,gov.house.www/everett
faleomavaega,"Faleomavaega, Eni F. H."," American Samoa
",,,,,,http://house.gov/faleomavaega/,gov.house.www/faleomavaega,
farr,"Farr, Sam", California,,Sam Farr,D,CA,17,http://house.gov/farr/,gov.house.www/farr,
fattah,"Fattah, Chaka", Pennsylvania,,Chaka Fattah,D,PA,2,http://house.gov/fattah/,gov.house.www/fattah,
feeney,"Feeney, Tom", Florida,,Tom Feeney,R,FL,24,http://www.house.gov/feeney/,,
ferguson,"Ferguson, Mike", New Jersey,,Mike Ferguson,R,NJ,7,http://house.gov/ferguson/,gov.house.www/ferguson,
filner,"Filner, Bob", California,,Bob Filner,D,CA,51,http://www.house.gov/filner/,gov.house.www/filner,
flake,"Flake, Jeff", Arizona,,Jeff Flake,R,AZ,6,http://www.house.gov/flake/,gov.house.www/flake,
fletcher,"Fletcher, Ernie", Kentucky,,Ernie Fletcher,R,KY,6,http://house.gov/fletcher/,gov.house.www/fletcher,
foley,"Foley, Mark A.", Florida,,Mark Foley,R,FL,16,http://house.gov/foley/,gov.house.www/foley,
forbes,"Forbes, J. Randy", Virginia,,Randy Forbes,R,VA,4,http://house.gov/forbes/,gov.house.www/forbes,
ford,"Ford, Harold", Tennessee,,Harold Ford, Jr.,D,,http://house.gov/ford/,gov.house.www/ford,
fossella,"Fossella, Vito J.", New York,,Vito Fossella,R,NY,13,http://house.gov/fossella/,gov.house.www/fossella,
frank,"Frank, Barney", Massachusetts,,Barney Frank,D,MA,4,http://house.gov/frank/,gov.house.www/frank,
franks,"Franks, Trent", Arizona,,Trent Franks,R,AZ,2,http://www.house.gov/franks/,,
frelinghuysen,"Frelinghuysen, Rodney", New Jersey,,Rodney Frelinghuysen,R,NJ,11,http://house.gov/frelinghuysen/,gov.house.www/frelinghuysen,
frost,"Frost, Martin", Texas,,Martin Frost,D,TX,24,http://house.gov/frost/,gov.house.www/frost,
gallegly,"Gallegly, Elton", California,,Elton Gallegly,R,CA,24,http://house.gov/gallegly/,gov.house.www/gallegly,
garrett,"Garrett, Scott", New Jersey,,Scott Garrett,R,NJ,5,http://www.house.gov/garrett/,gov.house.www/garrett,
dickgephardt,"Gephardt, Richard", Missouri,,Dick Gephardt,D,MO,3,http://dickgephardt.house.gov/,gov.house.dickgephardt,
gerlach,"Gerlach, Jim", Pennsylvania,,Jim Gerlach,R,PA,6,http://www.house.gov/gerlach/,gov.house.www/gerlach,
gibbons,"Gibbons, Jim", Nevada,,Jim Gibbons,R,NV,2,http://house.gov/gibbons/,gov.house.wwwc/gibbons,gov.house.www/gibbons
gilchrest,"Gilchrest, Wayne", Maryland,,Wayne Gilchrest,R,MD,1,http://gilchrest.house.gov/,gov.house.gilchrest,
gillmor,"Gillmor, Paul", Ohio,,Paul Gillmor,R,OH,5,http://house.gov/gillmor/,gov.house.www/gillmor,gov.house.gillmor
gingrey,"Gingrey, Phil", Georgia,,Phil Gingrey,R,GA,11,http://www.house.gov/gingrey/,gov.house.www/gingrey,
gonzalez,"Gonzalez, Charlie A.", Texas,,Charlie Gonzalez,D,TX,20,http://house.gov/gonzalez/,gov.house.www/gonzalez,
goode,"Goode, Virgil H.", Virginia,,Virgil Goode,R,VA,5,http://house.gov/goode/,gov.house.www/goode,
goodlatte,"Goodlatte, Bob", Virginia,,Bob Goodlatte,R,VA,6,http://house.gov/goodlatte/,gov.house.www/goodlatte,
gordon,"Gordon, Bart", Tennessee,,Bart Gordon,D,TN,6,http://house.gov/gordon/,gov.house.gordon,gov.house.www/gordon
goss,"Goss, Porter", Florida,,Porter Goss,R,FL,14,http://house.gov/goss/,gov.house.portergoss,gov.house.portergoss
kaygranger,"Granger, Kay", Texas,,Kay Granger,R,TX,12,http://kaygranger.house.gov/,gov.house.kaygranger,
graves,"Graves, Sam", Missouri,,Sam Graves,R,MO,6,http://house.gov/graves/,gov.house.www/graves,
green,"Green, Gene", Texas,,Gene Green,D,TX,29,http://house.gov/green/,gov.house.www/green,
markgreen,"Green, Mark", Wisconsin,,Mark Green,R,WI,8,http://house.gov/markgreen/,,
greenwood,"Greenwood, James", Pennsylvania,,James Greenwood,R,PA,8,http://house.gov/greenwood/,,
luisgutierrez,"Gutierrez, Luis V.", Illinois,,Luis Gutierrez,D,IL,4,http://luisgutierrez.house.gov/,gov.house.luisgutierrez,
gutknecht,"Gutknecht, Gil", Minnesota,,Gil Gutknecht,R,MN,1,http://house.gov/gutknecht/,gov.house.www/gutknecht,
ralphhall,"Hall, Ralph", Texas,,Ralph Hall,D,TX,4,http://house.gov/ralphhall/,gov.house.www/ralphhall,
harman,"Harman, Jane", California,,Jane Harman,D,CA,36,http://house.gov/harman/,gov.house.www/harman,
harris,"Harris, Katherine", Florida,,Katherine Harris,R,FL,13,http://harris.house.gov/,gov.house.harris,
hart,"Hart, Melissa", Pennsylvania,,Melissa Hart,R,PA,4,http://house.gov/hart/,gov.house.hart,
hastert,"Hastert, J. Dennis", Illinois,,Dennis Hastert,R,IL,14,http://house.gov/hastert/,gov.house.www/hastert,
alceehastings,"Hastings, Alcee", Florida,,Alcee Hastings,D,FL,23,http://house.gov/alceehastings/,,
hastings,"Hastings, Doc", Washington,,Doc Hastings,R,WA,4,http://house.gov/hastings/,gov.house.www/hastings,
hayes,"Hayes, Robin", North Carolina,,Robin Hayes,R,NC,8,http://www.hayes.house.gov/,gov.house.hayes,
hayworth,"Hayworth, J.D.", Arizona,,J. D. Hayworth,R,AZ,5,http://www.house.gov/hayworth/,gov.house.www/hayworth,
hefley,"Hefley, Joel", Colorado,,Joel Hefley,R,CO,5,http://house.gov/hefley/,gov.house.www/hefley,
hensarling,"Hensarling, Jeb", Texas,,Jeb Hensarling,R,TX,5,http://www.house.gov/hensarling/,gov.house.www/hensarling,
herger,"Herger, Wally", California,,Wally Herger,R,CA,2,http://house.gov/herger/,gov.house.www/herger,
baronhill,"Hill, Baron", Indiana,,Baron Hill,D,IN,9,http://house.gov/baronhill/,gov.house.baronhill,gov.house.www/baronhill
hinchey,"Hinchey, Maurice", New York,,Maurice Hinchey,D,NY,22,http://house.gov/hinchey/,gov.house.www/hinchey,
hobson,"Hobson, Dave", Ohio,,David Hobson,R,OH,7,http://house.gov/hobson/,gov.house.www/hobson,
hoeffel,"Hoeffel, Joe", Pennsylvania,,Joe Hoeffel,D,PA,13,http://house.gov/hoeffel/,gov.house.hoeffel,gov.house.www/hoeffel
hoekstra,"Hoekstra, Pete", Michigan,,Pete Hoekstra,R,MI,2,http://house.gov/hoekstra/,gov.house.www/hoekstra,
holden,"Holden, Tim", Pennsylvania,,Tim Holden,D,PA,17,http://house.gov/holden/,gov.house.holden,gov.house.www/holden
rholt,"Holt, Rush", New Jersey,,Rush D. Holt,D,NJ,12,http://house.gov/rholt/,gov.house.www/rholt,
honda,"Honda, Mike", California,,Mike Honda,D,CA,15,http://house.gov/honda/,gov.house.www/honda,
hooley,"Hooley, Darlene", Oregon,,Darlene Hooley,D,OR,5,http://house.gov/hooley/,gov.house.www/hooley,
hostettler,"Hostettler, John", Indiana,,John Hostettler,R,IN,8,http://house.gov/hostettler/,gov.house.www/hostettler,
houghton,"Houghton, Amo", New York,,Amo Houghton,R,NY,29,http://houghton.house.gov/,gov.house.houghton,gov.house.www/houghton
hoyer,"Hoyer, Steny", Maryland,,Steny Hoyer,D,MD,5,http://hoyer.house.gov/,gov.house.hoyer,
hulshof,"Hulshof, Kenny", Missouri,,Kenny Hulshof,R,MO,9,http://house.gov/hulshof/,gov.house.www/hulshof,
hunter,"Hunter, Duncan", California,,Duncan Hunter,R,CA,52,http://house.gov/hunter/,gov.house.www/hunter,
hyde,"Hyde, Henry J.", Illinois,,Henry Hyde,R,IL,6,http://house.gov/hyde/,gov.house.www/hyde,
inslee,"Inslee, Jay", Washington,,Jay Inslee,D,WA,1,http://house.gov/inslee/,,
isakson,"Isakson, Johnny", Georgia,,Johnny Isakson,R,GA,6,http://isakson.house.gov/,gov.house.isakson,
israel,"Israel, Steve", New York,,Steve Israel,D,NY,2,http://house.gov/israel/,gov.house.www/israel,
issa,"Issa, Darrell", California,,Darrell Issa,R,CA,49,http://www.house.gov/issa/,gov.house.issa,
istook,"Istook, Ernest J.", Oklahoma,,Ernest Istook,R,OK,5,http://house.gov/istook/,gov.house.www/istook,
jacksonlee,"Jackson Lee, Sheila", Texas,,Sheila Jackson-Lee,D,TX,18,http://house.gov/jacksonlee/,,
janklow,"Janklow, William J.", Louisiana,,Bill Janklow,R,"SD
",,http://www.house.gov/janklow/,gov.house.www/janklow,
jefferson,"Jefferson, William", South Dakota,,William Jefferson,D,LA,2,http://house.gov/jefferson/,gov.house.www/jefferson,
jenkins,"Jenkins, William L.", Tennessee,,William L. Jenkins,R,TN,1,http://house.gov/jenkins/,gov.house.www/jenkins,
john,"John, Chris", Louisiana,,Chris John,D,LA,7,http://house.gov/john/,gov.house.www/john,
ebjohnson,"Johnson, Eddie Bernice", Texas,,Eddie Bernice Johnson,D,TX,30,http://house.gov/ebjohnson/,,
nancyjohnson,"Johnson, Nancy L.", Connecticut,,Nancy Johnson,R,CT,5,http://house.gov/nancyjohnson/,,
samjohnson,"Johnson, Sam", Texas,,Sam Johnson,R,TX,3,http://www.samjohnson.house.gov/,,
timjohnson,"Johnson, Timothy V.", Illinois,,Timothy Johnson,R,IL,15,http://house.gov/timjohnson/,,
tubbsjones,"Jones, Stephanie Tubbs", Ohio,,Stephanie Tubbs Jones,D,OH,11,http://house.gov/tubbsjones/,,
jones,"Jones, Walter B.", North Carolina,,Walter B. Jones,R,NC,3,http://house.gov/jones/,gov.house.www/jones,gov.house.jones
kanjorski,"Kanjorski, Paul E.", Pennsylvania,,Paul Kanjorski,D,PA,11,http://house.gov/kanjorski/,gov.house.www/kanjorski,
kaptur,"Kaptur, Marcy", Ohio,,Marcy Kaptur,D,OH,9,http://house.gov/kaptur/,gov.house.wwwc/kaptur,gov.house.www/kaptur
keller,"Keller, Ric", Florida,,Ric Keller,R,FL,8,http://house.gov/keller/Frset.htm,gov.house.www/keller,
suekelly,"Kelly, Sue", New York,,Sue W. Kelly,R,NY,19,http://house.gov/suekelly/,gov.house.www/suekelly,
markkennedy,"Kennedy, Mark", Minnesota,,Mark Kennedy,R,MN,6,http://markkennedy.house.gov/,,
patrickkennedy,"Kennedy, Patrick J.", Rhode Island,,Patrick Kennedy,D,RI,1,http://house.gov/patrickkennedy/,,
kildee,"Kildee, Dale E.", Michigan,,Dale Kildee,D,MI,5,http://house.gov/kildee/,gov.house.www/kildee,
kilpatrick,"Kilpatrick, Carolyn Cheeks", Michigan,,Carolyn Cheeks Kilpatrick,D,MI,13,http://house.gov/kilpatrick/,gov.house.www/kilpatrick,
kind,"Kind, Ron", Wisconsin,,Ron Kind,D,WI,3,http://house.gov/kind/,gov.house.www/kind,
king,"King, Pete", New York,,Peter King,R,NY,3,http://house.gov/king/,gov.house.www/king,
steveking,"King, Steve", Iowa,,Steve King,R,IA,5,http://www.house.gov/steveking/,,
kingston,"Kingston, Jack", Georgia,,Jack Kingston,R,GA,1,http://house.gov/kingston/,,
kirk,"Kirk, Mark Steven", Illinois,,Mark Kirk,R,IL,10,http://house.gov/kirk/,gov.house.www/kirk,
kleczka,"Kleczka, Jerry", Wisconsin,,Jerry Kleczka,D,WI,4,http://house.gov/kleczka/,gov.house.www/kleczka,
knollenberg,"Knollenberg, Joe", Michigan,,Joe Knollenberg,R,MI,9,http://house.gov/knollenberg/,gov.house.www/knollenberg,
kolbe,"Kolbe, Jim", Arizona,,Jim Kolbe,R,AZ,8,http://house.gov/kolbe/,gov.house.www/kolbe,
kucinich,"Kucinich, Dennis J.", Ohio,,Dennis Kucinich,D,OH,10,http://house.gov/kucinich/,gov.house.www/kucinich,
lahood,"LaHood, Ray", Illinois,,Ray LaHood,R,IL,18,http://house.gov/lahood/,gov.house.www/lahood,
lampson,"Lampson, Nick", Texas,,Nick Lampson,D,TX,9,http://house.gov/lampson/,gov.house.www/lampson,
langevin,"Langevin, James", Rhode Island,,James Langevin,D,RI,2,http://house.gov/langevin/,gov.house.www/langevin,
lantos,"Lantos, Tom", California,,Tom Lantos,D,CA,12,http://house.gov/lantos/,gov.house.www/lantos,
larsen,"Larsen, Rick", Washington,,Rick Larsen,D,WA,2,http://house.gov/larsen/,gov.house.www/larsen,
larson,"Larson, John B.", Connecticut,,John Larson,D,CT,1,http://house.gov/larson/,gov.house.www/larson,
latham,"Latham, Tom", Iowa,,Tom Latham,R,IA,4,http://house.gov/latham/,gov.house.www/latham,
latourette,"LaTourette, Steven C.", Ohio,,Steven LaTourette,R,OH,14,http://house.gov/latourette/,gov.house.www/latourette,
leach,"Leach, Jim", Iowa,,Jim Leach,R,IA,2,http://house.gov/leach/,gov.house.www/leach,
lee,"Lee, Barbara", California,,Barbara Lee,D,CA,9,http://house.gov/lee/,gov.house.www/lee,
jerrylewis,"Lewis, Jerry", California,,Jerry Lewis,R,CA,41,http://house.gov/jerrylewis/,gov.house.www/jerrylewis,
johnlewis,"Lewis, John", Georgia,,John Lewis,D,GA,5,http://house.gov/johnlewis/,,
ronlewis,"Lewis, Ron", Kentucky,,Ron Lewis,R,KY,2,http://house.gov/ronlewis/,gov.house.www/ronlewis,
linder,"Linder, John", Georgia,,John Linder,R,GA,7,http://house.gov/linder/,gov.house.linder,gov.house.www/linder
lipinski,"Lipinski, Bill", Illinois,,Bill Lipinski,D,IL,3,http://house.gov/lipinski/,gov.house.www/lipinski,
lobiondo,"LoBiondo, Frank A.", New Jersey,,Frank LoBiondo,R,NJ,2,http://www.house.gov/lobiondo/,gov.house.www/lobiondo,
zoelofgren,"Lofgren, Zoe", California,,Zoe Lofgren,D,CA,16,http://zoelofgren.house.gov/,gov.house.zoelofgren,
lowey,"Lowey, Nita M.", New York,,Nita Lowey,D,NY,18,http://house.gov/lowey/,gov.house.www/lowey,
lucas,"Lucas, Frank", Oklahoma,,Frank Lucas,R,OK,3,http://house.gov/lucas/,gov.house.www/lucas,
kenlucas,"Lucas, Ken", Kentucky,,Ken Lucas,R,KY,4,http://house.gov/kenlucas/,,
lynch,"Lynch, Stephen F.", Massachusetts,,Stephen Lynch,D,MA,9,http://house.gov/lynch/,gov.house.www/lynch,
majette,"Majette, Denise L.", Georgia,,Denise Majette,D,GA,4,http://www.house.gov/majette/,gov.house.www/majette,
maloney,"Maloney, Carolyn B.", New York,,Carolyn Maloney,D,NY,14,http://house.gov/maloney/,,
manzullo,"Manzullo, Don", Illinois,,Donald Manzullo,R,IL,16,http://house.gov/manzullo/,gov.house.manzullo,gov.house.manzullo/NR
markey,"Markey, Edward J.", Massachusetts,,Ed Markey,D,MA,7,http://house.gov/markey/,gov.house.www/markey,
jimmarshall,"Marshall, Jim", Louisiana,,Jim Marshall,D,GA,3,http://jimmarshall.house.gov/,gov.house.jimmarshall,
matheson,"Matheson, Jim", Washington,,Jim Matheson,D,UT,2,http://matheson.house.gov/,gov.house.www/matheson,gov.house.matheson
matsui,"Matsui, Robert T.", California,,Bob Matsui,D,CA,5,http://house.gov/matsui/,gov.house.www/matsui,
carolynmccarthy,"McCarthy, Carolyn", New York,,Carolyn McCarthy,D,NY,4,http://house.gov/carolynmccarthy/,gov.house.www/carolynmccarthy,
karenmccarthy,"McCarthy, Karen", Missouri,,Karen McCarthy,D,MO,5,http://house.gov/karenmccarthy/,gov.house.www/karenmccarthy,
mccotter,"McCotter, Thaddeus G.", Michigan,,Thaddeus McCotter,R,MI,11,http://www.house.gov/mccotter/,,
mccrery,"McCrery, Jim", Georgia,,Jim McCrery,R,LA,4,http://house.gov/mccrery/,gov.house.www/mccrery,
mcdermott,"McDermott, Jim", Utah,,Jim McDermott,D,WA,7,http://house.gov/mcdermott/,gov.house.www/mcdermott,
mcgovern,"McGovern, James P.", Massachusetts,,Jim McGovern,D,MA,3,http://house.gov/mcgovern/,gov.house.www/mcgovern,
mchugh,"McHugh, John M.", New York,,John McHugh,R,NY,23,http://house.gov/mchugh/,gov.house.www/mchugh,gov.house.mchugh
mcinnis,"McInnis, Scott", Colorado,,Scott McInnis,R,CO,3,http://house.gov/mcinnis/,gov.house.www/mcinnis,
mcintyre,"McIntyre, Mike", North Carolina,,Mike McIntyre,D,NC,7,http://house.gov/mcintyre/,gov.house.www/mcintyre,
mckeon,"McKeon, Buck", California,,Buck McKeon,R,CA,25,http://house.gov/mckeon/,gov.house.www/mckeon,
mcnulty,"McNulty, Michael", New York,,Mike McNulty,D,NY,21,http://house.gov/mcnulty/,gov.house.www/mcnulty,
meehan,"Meehan, Marty", Massachusetts,,Marty Meehan,D,MA,5,http://house.gov/meehan/,gov.house.www/meehan,
kenmeek,"Meek, Kendrick B.", Florida,,Kendrick Meek,D,FL,17,http://www.house.gov/kenmeek/,gov.house.www/kenmeek,
meeks,"Meeks, Gregory W.", New York,,Gregory Meeks,D,NY,6,http://house.gov/meeks/,gov.house.www/meeks,
menendez,"Menendez, Robert", New Jersey,,Bob Menendez,D,NJ,13,http://menendez.house.gov/,gov.house.menendez,
mica,"Mica, John L.", Florida,,John Mica,R,FL,7,http://house.gov/mica/,gov.house.www/mica,
michaud,"Michaud, Michael H.", Maine,,Mike Michaud,D,ME,2,http://michaud.house.gov/,,
millender-mcdonald,"Millender-McDonald, Juanita", California,,Juanita Millender-McDonald,D,CA,37,http://house.gov/millender-mcdonald/,gov.house.www/millender-mcdonald,
bradmiller,"Miller, Brad", North Carolina,,Brad Miller,D,NC,13,http://www.house.gov/bradmiller/,,
candicemiller,"Miller, Candice S.", Michigan,,Candice Miller,R,MI,10,http://www.house.gov/candicemiller/,,
garymiller,"Miller, Gary", California,,Gary Miller,R,CA,42,http://house.gov/garymiller/,,
georgemiller,"Miller, George", California,,George Miller,D,CA,7,http://house.gov/georgemiller/,,
jeffmiller,"Miller, Jeff", Florida,,Jeff Miller,R,FL,1,http://house.gov/jeffmiller/,,
mollohan,"Mollohan, Alan B.", West Virginia,,Alan Mollohan,D,WV,1,http://house.gov/mollohan/,gov.house.www/mollohan,
moore,"Moore, Dennis", Kansas,,Dennis Moore,D,KS,3,http://house.gov/moore/,gov.house.www/moore,
moranks01,"Moran, Jerry", Kansas,,Jerry Moran,R,KS,1,http://house.gov/moranks01/,,
moran,"Moran, Jim", Virginia,,Jim Moran,D,VA,8,http://house.gov/moran/,gov.house.moran,
murphy,"Murphy, Tim", Pennsylvania,,Tim Murphy,R,PA,18,http://murphy.house.gov/,gov.house.murphy,
murtha,"Murtha, John", Pennsylvania,,John Murtha,D,PA,12,http://house.gov/murtha/,gov.house.www/murtha,
musgrave,"Musgrave, Marilyn N.", Colorado,,Marilyn Musgrave,R,CO,4,http://wwwc.house.gov/musgrave/,gov.house.wwwc/musgrave,gov.house.www/musgrave
myrick,"Myrick, Sue", North Carolina,,Sue Myrick,R,NC,9,http://house.gov/myrick/,gov.house.www/myrick,
nadler,"Nadler, Jerrold", New York,,Jerrold Nadler,D,NY,8,http://house.gov/nadler/,gov.house.www/nadler,
napolitano,"Napolitano, Grace", California,,Grace Napolitano,D,CA,38,http://napolitano.house.gov/,gov.house.napolitano,gov.house.www/napolitano
neal,"Neal, Richard E.", Massachusetts,,Richard Neal,D,MA,2,http://house.gov/neal/,gov.house.www/neal,
nethercutt,"Nethercut, George R.", Washington,,George Nethercutt,R,WA,5,http://house.gov/nethercutt/,gov.house.www/nethercutt,
neugebauer,"Neugebauer, Randy", Texas,,Randy Neugebauer,R,TX,19,http://www.house.gov/neugebauer/,gov.house.www/neugebauer,
ney,"Ney, Bob", Ohio,,Bob Ney,R,OH,18,http://house.gov/ney/,gov.house.www/ney,
northup,"Northup, Anne M.", Kentucky,,Anne Northup,R,KY,3,http://northup.house.gov/,gov.house.northup,
norton,"Norton, Eleanor Holmes"," District of Columbia
",,,,,,http://www.norton.house.gov/,gov.house.www/norton,gov.house.norton
norwood,"Norwood, Charles W.", Georgia,,Charlie Norwood,R,GA,9,http://house.gov/norwood/,gov.house.www/norwood,
nunes,"Nunes, Devin", California,,Devin Nunes,R,CA,21,http://www.nunes.house.gov/,gov.house.www/nunes,gov.house.nunes
nussle,"Nussle, Jim", Iowa,,Jim Nussle,R,IA,1,http://nussle.house.gov/,gov.house.nussle,gov.house.www/nussle
oberstar,"Oberstar, James L.", Minnesota,,James Oberstar,D,MN,8,http://house.gov/oberstar/,gov.house.wwwc/oberstar,gov.house.www/oberstar
obey,"Obey, David R.", Wisconsin,,Dave Obey,D,WI,7,http://house.gov/obey/,gov.house.www/obey,
olver,"Olver, John", Massachusetts,,John Olver,D,MA,1,http://house.gov/olver/,gov.house.www/olver,
ortiz,"Ortiz, Solomon P.", Texas,,Solomon Ortiz,D,TX,27,http://house.gov/ortiz/,gov.house.www/ortiz,
osborne,"Osborne, Tom", Nebraska,,Tom Osborne,R,NE,3,http://house.gov/osborne/,gov.house.www/osborne,
ose,"Ose, Doug", California,,Doug Ose,R,CA,3,http://house.gov/ose/,gov.house.www/ose,
otter,"Otter, C.L. ""Butch""", Idaho,,Butch Otter,R,ID,1,http://house.gov/otter/,gov.house.www/otter,
owens,"Owens, Major R.", New York,,Major Owens,D,NY,11,http://house.gov/owens/,gov.house.www/owens,
oxley,"Oxley, Michael G.", Ohio,,Mike Oxley,R,OH,4,http://house.gov/oxley/,gov.house.www/oxley,
pallone,"Pallone, Frank, Jr.", New Jersey,,Frank Pallone,D,NJ,6,http://house.gov/pallone/,gov.house.www/pallone,
pascrell,"Pascrell, Bill", New Jersey,,Bill Pascrell,D,NJ,8,http://pascrell.house.gov/,gov.house.pascrell,
pastor,"Pastor, Ed", Arizona,,Ed Pastor,D,AZ,4,http://house.gov/pastor/,gov.house.www/pastor,
paul,"Paul, Ron", Texas,,Ron Paul,R,TX,14,http://house.gov/paul/,gov.house.www/paul,
payne,"Payne, Donald M.", New Jersey,,Donald Payne,D,NJ,10,http://house.gov/payne/,gov.house.www/payne,
pearce,"Pearce, Steve", New Mexico,,Steve Pearce,R,NM,2,http://www.house.gov/pearce/,gov.house.www/pearce,
pelosi,"Pelosi, Nancy", California,,Nancy Pelosi,D,CA,8,http://house.gov/pelosi/,gov.house.www/pelosi,
mikepence,"Pence, Mike", Indiana,,Mike Pence,R,IN,6,http://mikepence.house.gov/,gov.house.mikepence,
collinpeterson,"Peterson, Collin C.", Minnesota,,Collin Peterson,D,MN,7,http://collinpeterson.house.gov/,gov.house.collinpeterson,
johnpeterson,"Peterson, John E.", Pennsylvania,,John Peterson,R,PA,5,http://house.gov/johnpeterson/,,
petri,"Petri, Tom", Wisconsin,,Tom Petri,R,WI,6,http://house.gov/petri/,gov.house.www/petri,
pickering,"Pickering, Charles W. ""Chip""", Mississippi,,Chip Pickering,R,MS,3,http://house.gov/pickering/,gov.house.www/pickering,
pitts,"Pitts, Joe", Pennsylvania,,Joe Pitts,R,PA,16,http://house.gov/pitts/,gov.house.www/pitts,
platts,"Platts, Todd", Pennsylvania,,Todd Platts,R,PA,19,http://house.gov/platts/,gov.house.www/platts,
pombo,"Pombo, Richard", California,,Richard Pombo,R,CA,11,http://house.gov/pombo/pombo.htm,gov.house.www/pombo,gov.house.pombo
pomeroy,"Pomeroy, Earl", North Dakota,,Earl Pomeroy,D,"ND
",,http://house.gov/pomeroy/,gov.house.www/pomeroy,
portman,"Portman, Rob", Nevada,,Rob Portman,R,OH,2,http://house.gov/portman/,gov.house.www/portman,
price,"Price, David", North Carolina,,David Price,D,NC,4,http://house.gov/price/,gov.house.www/price,
pryce,"Pryce, Deborah", Ohio,,Deborah Pryce,R,OH,15,http://house.gov/pryce/,gov.house.www/pryce,
putnam,"Putnam, Adam H.", Florida,,Adam Putnam,R,FL,12,http://house.gov/putnam/,gov.house.www/putnam,
quinn,"Quinn, Jack", New York,,Jack Quinn,R,NY,27,http://house.gov/quinn/,gov.house.www/quinn,gov.house.quinn
radanovich,"Radanovich, George", California,,George Radanovich,R,CA,19,http://radanovich.house.gov/,gov.house.radanovich,gov.house.www/radanovich
rahall,"Rahall, Nick", West Virginia,,Nick Rahall,D,WV,3,http://house.gov/rahall/,gov.house.www/rahall,
ramstad,"Ramstad, Jim", Minnesota,,Jim Ramstad,R,MN,3,http://house.gov/ramstad/,gov.house.www/ramstad,
rangel,"Rangel, Charles B.", New York,,Charles B. Rangel,D,NY,15,http://house.gov/rangel/,gov.house.rangel,gov.house.www/rangel
reed,"Reed, Jack",,,,,,,,,
wwwa,"Regula, Ralph", Ohio,,Ralph Regula,R,OH,16,http://wwwa.house.gov/regula/,gov.house.wwwa/regula,
rehberg,"Rehberg, Denny", Montana,,Denny Rehberg,R,"MT
",,http://house.gov/rehberg/,gov.house.www/rehberg,
renzi,"Renzi, Rick", Arizona,,Rick Renzi,R,AZ,1,http://www.house.gov/renzi/,,
reyes,"Reyes, Silvestre", Texas,,Silvestre Reyes,D,TX,16,http://house.gov/reyes/,gov.house.wwwc/reyes,gov.house.www/reyes
reynolds,"Reynolds, Tom", New York,,Tom Reynolds,R,NY,26,http://house.gov/reynolds/,gov.house.www/reynolds,
rodriguez,"Rodriguez, Ciro D.", Texas,,Ciro Rodriguez,D,TX,28,http://house.gov/rodriguez/,gov.house.rodriguez,
rogers,"Rogers, Hal", Kentucky,,Hal Rogers,R,KY,5,http://house.gov/rogers/,gov.house.www/rogers,
mikerogers,"Rogers, Mike", Alabama,,Mike D. Rogers,R,AL,3,http://house.gov/mikerogers/,,
mike-rogers,"Rogers, Mike", Michigan,,Mike Rogers,R,MI,8,http://www.house.gov/mike-rogers/,,
rohrabacher,"Rohrabacher, Dana", California,,Dana Rohrabacher,R,CA,46,http://house.gov/rohrabacher/,gov.house.www/rohrabacher,
ros-lehtinen,"Ros-Lehtinen, Ileana", Florida,,Ileana Ros-Lehtinen,R,FL,18,http://house.gov/ros-lehtinen/,gov.house.www/ros-lehtinen,
ross,"Ross, Mike", Arkansas,,Mike Ross,D,AR,4,http://house.gov/ross/,gov.house.www/ross,
rothman,"Rothman, Steve", New Jersey,,Steven Rothman,D,NJ,9,http://house.gov/rothman/,gov.house.www/rothman,gov.house.rothman
roybal-allard,"Roybal-Allard, Lucille", California,,Lucille Roybal-Allard,D,CA,34,http://house.gov/roybal-allard/,,
royce,"Royce, Ed", California,,Ed Royce,R,CA,40,http://house.gov/royce/,gov.house.royce,
ruppersberger,"Ruppersberger, C.A. Dutch", Maryland,,Dutch Ruppersberger,D,MD,2,http://www.house.gov/ruppersberger/,gov.house.www/ruppersberger,
rush,"Rush, Bobby L.", Illinois,,Bobby Rush,D,IL,1,http://house.gov/rush/,gov.house.www/rush,
ryan,"Ryan, Paul", Wisconsin,,Paul Ryan,R,WI,1,http://house.gov/ryan/,gov.house.www/ryan,
timryan,"Ryan, Tim", Ohio,,Tim Ryan,D,OH,17,http://timryan.house.gov/,,
ryun,"Ryun, Jim", Kansas,,Jim Ryun,R,KS,2,http://www.ryun.house.gov/,gov.house.ryun,
sabo,"Sabo, Martin Olav", Minnesota,,Martin Olav Sabo,D,MN,5,http://house.gov/sabo/,gov.house.www/sabo,
sanchez,"Sanchez, Loretta", California,,Loretta Sanchez,D,CA,47,http://house.gov/sanchez/,gov.house.www/sanchez,
bernie,"Sanders, Bernie", Vermont,,Bernie Sanders,I,"VT
",,http://bernie.house.gov/,gov.house.bernie,gov.house.www/bernie
sandlin,"Sandlin, Max", Texas,,Max Sandlin,D,TX,1,http://house.gov/sandlin/,gov.house.www/sandlin,
saxton,"Saxton, Jim", New Jersey,,Jim Saxton,R,NJ,3,http://house.gov/saxton/,gov.house.www/saxton,
schakowsky,"Schakowsky, Jan", Illinois,,Jan Schakowsky,D,IL,9,http://house.gov/schakowsky/,,
schiff,"Schiff, Adam", California,,Adam Schiff,D,CA,29,http://house.gov/schiff/,gov.house.www/schiff,
schrock,"Schrock, Ed", Virginia,,Ed Schrock,R,VA,2,http://schrock.house.gov/,gov.house.schrock,
davidscott,"Scott, David", Georgia,,David Scott,D,GA,13,http://www.house.gov/davidscott/,,
scott,"Scott, Robert C. ""Bobby""", Virginia,,Bobby Scott,D,VA,3,http://house.gov/scott/,gov.house.www/scott,
sensenbrenner,"Sensenbrenner, F. James", Wisconsin,,James Sensenbrenner,R,WI,5,http://house.gov/sensenbrenner/,gov.house.www/sensenbrenner,
serrano,"Serrano, José E.", New York,,José Serrano,D,NY,16,http://house.gov/serrano/,gov.house.www/serrano,
sessionspete,"Sessions, Pete", Texas,,Pete Sessions,R,TX,32,http://house.gov/sessions/,gov.house.www/sessions,
johnshadegg,"Shadegg, John", Arizona,,John Shadegg,R,AZ,3,http://johnshadegg.house.gov/,,
shaw,"Shaw, E. Clay", Florida,,E. Clay Shaw, Jr.,R,,http://house.gov/shaw/,gov.house.www/shaw,
shays,"Shays, Christopher", Connecticut,,Christopher Shays,R,CT,4,http://house.gov/shays/,gov.house.www/shays,
sherman,"Sherman, Brad", California,,Brad Sherman,D,CA,27,http://house.gov/sherman/,gov.house.www/sherman,
sherwood,"Sherwood, Don", Pennsylvania,,Don Sherwood,R,PA,10,http://house.gov/sherwood/,gov.house.www/sherwood,
shimkus,"Shimkus, John", Illinois,,John Shimkus,R,IL,19,http://house.gov/shimkus/,gov.house.www/shimkus,
shuster,"Shuster, Bill", Pennsylvania,,Bill Shuster,R,PA,9,http://house.gov/shuster/,gov.house.www/shuster,
lindasanchez,"SՍnchez, Linda T.", California,,Linda Sánchez,D,CA,39,http://www.house.gov/lindasanchez/,,
simmons,"Simmons, Rob", Connecticut,,Rob Simmons,R,CT,2,http://house.gov/simmons/,gov.house.www/simmons,
simpson,"Simpson, Mike", Idaho,,Mike Simpson,R,ID,2,http://house.gov/simpson/,gov.house.www/simpson,
skelton,"Skelton, Ike", Missouri,,Ike Skelton,D,MO,4,http://house.gov/skelton/,gov.house.www/skelton,
slaughter,"Slaughter, Louise M.", New York,,Louise Slaughter,D,NY,28,http://house.gov/slaughter/,gov.house.slaughter,
adamsmith,"Smith, Adam", Washington,,Adam Smith,D,WA,9,http://house.gov/adamsmith/,gov.house.www/adamsmith,
chrissmith,"Smith, Chris", New Jersey,,Christopher Smith,R,NJ,4,http://house.gov/chrissmith/,gov.house.www/chrissmith,
lamarsmith,"Smith, Lamar", Texas,,Lamar Smith,R,TX,21,http://lamarsmith.house.gov/,gov.house.lamarsmith,
nicksmith,"Smith, Nick", Michigan,,Nick Smith,R,MI,7,http://house.gov/nicksmith/,gov.house.www/nicksmith,
snyder,"Snyder, Vic", Arkansas,,Vic Snyder,D,AR,2,http://house.gov/snyder/,gov.house.www/snyder,
solis,"Solis, Hilda L.", California,,Hilda Solis,D,CA,32,http://house.gov/solis/,gov.house.solis,gov.house.www/solis
souder,"Souder, Mark", Indiana,,Mark Souder,R,IN,3,http://house.gov/souder/,gov.house.www/souder,
spratt,"Spratt, John", South Carolina,,John Spratt,D,SC,5,http://house.gov/spratt/,gov.house.www/spratt,
stark,"Stark, Fortney Pete", California,,Pete Stark,D,CA,13,http://house.gov/stark/,gov.house.www/stark,
stearns,"Stearns, Cliff", Florida,,Cliff Stearns,R,FL,6,http://house.gov/stearns/,gov.house.www/stearns,
stenholm,"Stenholm, Charlie", Texas,,Charles Stenholm,D,TX,17,http://house.gov/stenholm/,gov.house.www/stenholm,
strickland,"Strickland, Ted", Ohio,,Ted Strickland,D,OH,6,http://house.gov/strickland/,gov.house.www/strickland,
stupak,"Stupak, Bart", Michigan,,Bart Stupak,D,MI,1,http://house.gov/stupak/,gov.house.www/stupak,
sullivan,"Sullivan, John", Oklahoma,,John Sullivan,R,OK,1,http://sullivan.house.gov/,gov.house.sullivan,
sweeney,"Sweeney, John E.", New York,,John E. Sweeney,R,NY,20,http://house.gov/sweeney/,,
tancredo,"Tancredo, Tom", Colorado,,Tom Tancredo,R,CO,6,http://house.gov/tancredo/,gov.house.www/tancredo,
tanner,"Tanner, John", Tennessee,,John Tanner,D,TN,8,http://house.gov/tanner/index.htm,gov.house.www/tanner,
tauscher,"Tauscher, Ellen", California,,Ellen Tauscher,D,CA,10,http://house.gov/tauscher/,gov.house.www/tauscher,
tauzin,"Tauzin, Billy", Louisiana,,Billy Tauzin,R,LA,3,http://house.gov/tauzin/,gov.house.www/tauzin,
charlestaylor,"Taylor, Charles H.", North Carolina,,Charles H. Taylor,R,NC,11,http://house.gov/charlestaylor/,,
genetaylor,"Taylor, Gene", Mississippi,,Gene Taylor,D,MS,4,http://house.gov/genetaylor/,gov.house.www/genetaylor,
leeterry,"Terry, Lee", Nebraska,,Lee Terry,R,NE,2,http://leeterry.house.gov/,,
billthomas,"Thomas, Bill", California,,Bill Thomas,R,CA,22,http://house.gov/billthomas/,,
thompson,"Thompson, Bennie G.", Mississippi,,Bennie Thompson,D,MS,2,http://house.gov/thompson/,gov.house.www/thompson,
mthompson,"Thompson, Mike", California,,Mike Thompson,D,CA,1,http://house.gov/mthompson/,,
thornberry,"Thornberry, Mac", Texas,,Mac Thornberry,R,TX,13,http://house.gov/thornberry/,,
tiahrt,"Tiahrt, Todd", Kansas,,Todd Tiahrt,R,KS,4,http://house.gov/tiahrt/,gov.house.www/tiahrt,
tiberi,"Tiberi, Patrick J.", Ohio,,Patrick Tiberi,R,OH,12,http://house.gov/tiberi/,gov.house.www/tiberi,
tierney,"Tierney, John F.", Massachusetts,,John Tierney,D,MA,6,http://house.gov/tierney/,,
toomey,"Toomey, Pat", Pennsylvania,,Pat Toomey,R,PA,15,http://house.gov/toomey/,gov.house.www/toomey,
towns,"Towns, Edolphus", New York,,Ed Towns,D,NY,10,http://house.gov/towns/,gov.house.www/towns,
turner,"Turner, Jim", Texas,,Jim Turner,D,TX,2,http://house.gov/turner/,gov.house.www/turner,
miketurner,"Turner, Michael R.", Ohio,,Michael Turner,R,OH,3,http://www.house.gov/miketurner/,,
markudall,"Udall, Mark", Colorado,,Mark Udall,D,CO,2,http://house.gov/markudall/,gov.house.wwwc/markudall,gov.house.www/markudall
tomudall,"Udall, Tom", New Mexico,,Tom Udall,D,NM,3,http://house.gov/tomudall/,gov.house.tomudall,
upton,"Upton, Fred", Michigan,,Fred Upton,R,MI,6,http://house.gov/upton/,gov.house.www/upton,
vanhollen,"Van Hollen, Chris", Maryland,,Chris Van Hollen,D,MD,8,http://www.house.gov/vanhollen/,gov.house.www/vanhollen,
velazquez,"VelՍzquez, Nydia", New York,,Nydia Velázquez,D,NY,12,http://house.gov/velazquez/,gov.house.www/velazquez,
visclosky,"Visclosky, Pete", Indiana,,Peter Visclosky,D,IN,1,http://house.gov/visclosky/,gov.house.www/visclosky,
vitter,"Vitter, David", Louisiana,,David Vitter,R,LA,1,http://vitter.house.gov/,gov.house.vitter,gov.house.www/vitter
walden,"Walden, Greg", Oregon,,Greg Walden,R,OR,2,http://house.gov/walden/,gov.house.www/walden,gov.house.walden
walsh,"Walsh, James T.", New York,,James Walsh,R,NY,25,http://house.gov/walsh/,gov.house.www/walsh,
wamp,"Wamp, Zach", Tennessee,,Zach Wamp,R,TN,3,http://house.gov/wamp/,gov.house.www/wamp,
waters,"Waters, Maxine", California,,Maxine Waters,D,CA,35,http://house.gov/waters/,gov.house.www/waters,
watson,"Watson, Diane", California,,Diane Watson,D,CA,33,http://house.gov/watson/,gov.house.www/watson,
watt,"Watt, Melvin L.", North Carolina,,Melvin Watt,D,NC,12,http://house.gov/watt/,gov.house.www/watt,gov.house.www/watts
waxman,"Waxman, Henry", California,,Henry Waxman,D,CA,30,http://house.gov/waxman/,gov.house.henrywaxman,gov.house.waxman
weiner,"Weiner, Anthony D.", New York,,Anthony Weiner,D,NY,9,http://house.gov/weiner/,gov.house.www/weiner,
curtweldon,"Weldon, Curt", Pennsylvania,,Curt Weldon,R,PA,7,http://house.gov/curtweldon/,,
weldon,"Weldon, Dave", Florida,,Dave Weldon,R,FL,15,http://house.gov/weldon/,gov.house.www/weldon,
weller,"Weller, Jerry", Illinois,,Jerry Weller,R,IL,11,http://house.gov/weller/,gov.house.www/weller,
wexler,"Wexler, Robert", Florida,,Robert Wexler,D,FL,19,http://house.gov/wexler/,gov.house.www/wexler,
whitfield,"Whitfield, Ed", Kentucky,,Ed Whitfield,R,KY,1,http://house.gov/whitfield/,gov.house.www/whitfield,
wicker,"Wicker, Roger", Mississippi,,Roger Wicker,R,MS,1,http://house.gov/wicker/,gov.house.www/wicker,
wilson,"Wilson, Heather", New Mexico,,Heather Wilson,R,NM,1,http://wilson.house.gov/,gov.house.wilson,
joewilson,"Wilson, Joe", South Carolina,,Joe Wilson,R,SC,2,http://house.gov/joewilson/,,
wolf,"Wolf, Frank", Virginia,,Frank Wolf,R,VA,10,http://house.gov/wolf/,gov.house.www/wolf,
woolsey,"Woolsey, Lynn", California,,Lynn Woolsey,D,CA,6,http://woolsey.house.gov/,gov.house.woolsey,
wu,"Wu, David", Oregon,,David Wu,D,OR,1,http://house.gov/wu/,gov.house.www/wu,
wynn,"Wynn, Albert", Maryland,,Albert Wynn,D,MD,4,http://house.gov/wynn/,gov.house.www/wynn,gov.house.wynn
young,"Young, C.W. Bill", Florida,,Bill Young,R,FL,10,http://house.gov/young/,gov.house.www/young,
donyoung,"Young, Don", Alaska,,Don Young,R,"AK
",,http://house.gov/donyoung/,,
